{
  "luis_schema_version": "3.2.0",
  "versionId": "0.1",
  "name": "FlightBooking",
  "desc": "Luis Model for CoreBot",
  "culture": "en-us",
  "tokenizerVersion": "1.0.0",
  "intents": [
    {
      "name": "BookFlight"
    },
    {
      "name": "Cancel"
    },
    {
      "name": "GetWeather"
    },
    {
      "name": "None"
    }
  ],
  "entities": [],
  "composites": [
    {
      "name": "From",
      "children": [
        "Airport"
      ],
      "roles": []
    },
    {
      "name": "To",
      "children": [
        "Airport"
      ],
      "roles": []
    }
  ],
  "closedLists": [
    {
      "name": "Airport",
      "subLists": [
        {
          "canonicalForm": "Paris",
          "list": [
            "paris",
            "cdg"
          ]
        },
        {
          "canonicalForm": "London",
          "list": [
            "london",
            "lhr"
          ]
        },
        {
          "canonicalForm": "Berlin",
          "list": [
            "berlin",
            "txl"
          ]
        },
        {
          "canonicalForm": "New York",
          "list": [
            "new york",
            "jfk"
          ]
        },
        {
          "canonicalForm": "Seattle",
          "list": [
            "seattle",
            "sea"
          ]
        }
      ],
      "roles": []
    }
  ],
  "patternAnyEntities": [],
  "regex_entities": [],
  "prebuiltEntities": [
    {
      "name": "datetimeV2",
      "roles": []
    }
  ],
  "model_features": [],
  "regex_features": [],
  "patterns": [],
  "utterances": [
    {
      "text": "book a flight",
      "intent": "BookFlight",
      "entities": []
    },
    {
      "text": "book a flight from new york",
      "intent": "BookFlight",
      "entities": [
        {
          "entity": "From",
          "startPos": 19,
          "endPos": 26
        }
      ]
    },
    {
      "text": "book a flight from seattle",
      "intent": "BookFlight",
      "entities": [
        {
          "entity": "From",
          "startPos": 19,
          "endPos": 25
        }
      ]
    },
    {
      "text": "book a hotel in new york",
      "intent": "None",
      "entities": []
    },
    {
      "text": "book a restaurant",
      "intent": "None",
      "entities": []
    },
    {
      "text": "book flight from london to paris on feb 14th",
      "intent": "BookFlight",
      "entities": [
        {
          "entity": "From",
          "startPos": 17,
          "endPos": 22
        },
        {
          "entity": "To",
          "startPos": 27,
          "endPos": 31
        }
      ]
    },
    {
      "text": "book flight to berlin on feb 14th",
      "intent": "BookFlight",
      "entities": [
        {
          "entity": "To",
          "startPos": 15,
          "endPos": 20
        }
      ]
    },
    {
      "text": "book me a flight from london to paris",
      "intent": "BookFlight",
      "entities": [
        {
          "entity": "From",
          "startPos": 22,
          "endPos": 27
        },
        {
          "entity": "To",
          "startPos": 32,
          "endPos": 36
        }
      ]
    },
    {
      "text": "bye",
      "intent": "Cancel",
      "entities": []
    },
    {
      "text": "cancel booking",
      "intent": "Cancel",
      "entities": []
    },
    {
      "text": "exit",
      "intent": "Cancel",
      "entities": []
    },
    {
      "text": "find an airport near me",
      "intent": "None",
      "entities": []
    },
    {
      "text": "flight to paris",
      "intent": "BookFlight",
      "entities": [
        {
          "entity": "To",
          "startPos": 10,
          "endPos": 14
        }
      ]
    },
    {
      "text": "flight to paris from london on feb 14th",
      "intent": "BookFlight",
      "entities": [
        {
          "entity": "To",
          "startPos": 10,
          "endPos": 14
        },
        {
          "entity": "From",
          "startPos": 21,
          "endPos": 26
        }
      ]
    },
    {
      "text": "fly from berlin to paris on may 5th",
      "intent": "BookFlight",
      "entities": [
        {
          "entity": "From",
          "startPos": 9,
          "endPos": 14
        },
        {
          "entity": "To",
          "startPos": 19,
          "endPos": 23
        }
      ]
    },
    {
      "text": "go to paris",
      "intent": "BookFlight",
      "entities": [
        {
          "entity": "To",
          "startPos": 6,
          "endPos": 10
        }
      ]
    },
    {
      "text": "going from paris to berlin",
      "intent": "BookFlight",
      "entities": [
        {
          "entity": "From",
          "startPos": 11,
          "endPos": 15
        },
        {
          "entity": "To",
          "startPos": 20,
          "endPos": 25
        }
      ]
    },
    {
      "text": "i'd like to rent a car",
      "intent": "None",
      "entities": []
    },
    {
      "text": "ignore",
      "intent": "Cancel",
      "entities": []
    },
    {
      "text": "travel from new york to paris",
      "intent": "BookFlight",
      "entities": [
        {
          "entity": "From",
          "startPos": 12,
          "endPos": 19
        },
        {
          "entity": "To",
          "startPos": 24,
          "endPos": 28
        }
      ]
    },
    {
      "text": "travel to new york",
      "intent": "BookFlight",
      "entities": [
        {
          "entity": "To",
          "startPos": 10,
          "endPos": 17
        }
      ]
    },
    {
      "text": "travel to paris",
      "intent": "BookFlight",
      "entities": [
        {
          "entity": "To",
          "startPos": 10,
          "endPos": 14
        }
      ]
    },
    {
      "text": "what's the forecast for this friday?",
      "intent": "GetWeather",
      "entities": []
    },
    {
      "text": "what's the weather like for tomorrow",
      "intent": "GetWeather",
      "entities": []
    },
    {
      "text": "what's the weather like in new york",
      "intent": "GetWeather",
      "entities": []
    },
    {
      "text": "what's the weather like?",
      "intent": "GetWeather",
      "entities": []
    },
    {
      "text": "winter is coming",
      "intent": "None",
      "entities": []
    }
  ],
  "settings": []
}
