{
  "$schema": "http://adaptivecards.io/schemas/adaptive-card.json",
  "type": "AdaptiveCard",
  "version": "1.0",
  "body": [
    {
      "type": "Image",
      "url": "https://images.squarespace-cdn.com/content/v1/5c7149794d546e525a78af0b/1581186366891-87WK2KNQHE8YFCA5CQIK/The-Elder.jpg?format=2500w",
      "size": "stretch"
    },
    {
      "type": "TextBlock",
      "spacing": "medium",
      "size": "default",
      "weight": "bolder",
      "text": "Benvenuto Su MonumentalTree!",
      "wrap": true,
      "maxLines": 0
    },
    {
      "type": "TextBlock",
      "size": "default",
      "isSubtle": true,
      "text": "Buona ricerca nell'archivio degli alberi monumentali della campania!.",
      "wrap": true,
      "maxLines": 0
    }
  ]
  
}
